{"cameraMode":{"drawMode":0,"name":"Shaded","section":"Shading Mode"},"sceneLighting":true,"audioPlay":false,"sceneViewState":{"m_AlwaysRefresh":false,"showFog":true,"showSkybox":true,"showFlares":true,"showImageEffects":true,"showParticleSystems":true,"showVisualEffectGraphs":true,"m_FxEnabled":true},"in2DMode":false,"pivot":{"x":11.973783493041993,"y":2.6732168197631838,"z":10.52966594696045},"rotation":{"x":-0.0005928037571720779,"y":-0.8681726455688477,"z":-0.0010319827124476433,"w":0.4962672293186188},"size":0.8660253882408142,"orthographic":false}